id,category,subgroup,title,aliases,parent_work,attribution,catalog_status,mirror_status,commentary_status,candidate_source,review_note
sruti-rigveda-samhita,Śruti,Vedic Saṃhitā,Rigveda Samhita,,,Traditional/anonymous unless an edition establishes otherwise,requested-scope,link-only-pending-rights,needs-commentary-mapping,https://github.com/INDOLOGY/GRETIL-mirror/search?q=Rigveda+Samhita&type=code,"Verify title normalization, recension, edition, and item-level rights."
sruti-samaveda-samhita,Śruti,Vedic Saṃhitā,Samaveda Samhita,,,Traditional/anonymous unless an edition establishes otherwise,requested-scope,link-only-pending-rights,needs-commentary-mapping,https://github.com/INDOLOGY/GRETIL-mirror/search?q=Samaveda+Samhita&type=code,"Verify title normalization, recension, edition, and item-level rights."
sruti-yajurveda-samhita,Śruti,Vedic Saṃhitā,Yajurveda Samhita,,,Traditional/anonymous unless an edition establishes otherwise,requested-scope,link-only-pending-rights,needs-commentary-mapping,https://github.com/INDOLOGY/GRETIL-mirror/search?q=Yajurveda+Samhita&type=code,"Verify title normalization, recension, edition, and item-level rights."
sruti-atharvaveda-samhita,Śruti,Vedic Saṃhitā,Atharvaveda Samhita,,,Traditional/anonymous unless an edition establishes otherwise,requested-scope,link-only-pending-rights,needs-commentary-mapping,https://github.com/INDOLOGY/GRETIL-mirror/search?q=Atharvaveda+Samhita&type=code,"Verify title normalization, recension, edition, and item-level rights."
sruti-aitareya-brahmana,Śruti,Brāhmaṇa,Aitareya Brahmana,,,Traditional/anonymous unless an edition establishes otherwise,requested-scope,link-only-pending-rights,needs-commentary-mapping,https://github.com/INDOLOGY/GRETIL-mirror/search?q=Aitareya+Brahmana&type=code,"Verify title normalization, recension, edition, and item-level rights."
sruti-kaushitaki-brahmana,Śruti,Brāhmaṇa,Kaushitaki Brahmana,,,Traditional/anonymous unless an edition establishes otherwise,requested-scope,link-only-pending-rights,needs-commentary-mapping,https://github.com/INDOLOGY/GRETIL-mirror/search?q=Kaushitaki+Brahmana&type=code,"Verify title normalization, recension, edition, and item-level rights."
sruti-shatapatha-brahmana,Śruti,Brāhmaṇa,Shatapatha Brahmana,,,Traditional/anonymous unless an edition establishes otherwise,requested-scope,link-only-pending-rights,needs-commentary-mapping,https://github.com/INDOLOGY/GRETIL-mirror/search?q=Shatapatha+Brahmana&type=code,"Verify title normalization, recension, edition, and item-level rights."
sruti-taittiriya-brahmana,Śruti,Brāhmaṇa,Taittiriya Brahmana,,,Traditional/anonymous unless an edition establishes otherwise,requested-scope,link-only-pending-rights,needs-commentary-mapping,https://github.com/INDOLOGY/GRETIL-mirror/search?q=Taittiriya+Brahmana&type=code,"Verify title normalization, recension, edition, and item-level rights."
sruti-gopatha-brahmana,Śruti,Brāhmaṇa,Gopatha Brahmana,,,Traditional/anonymous unless an edition establishes otherwise,requested-scope,link-only-pending-rights,needs-commentary-mapping,https://github.com/INDOLOGY/GRETIL-mirror/search?q=Gopatha+Brahmana&type=code,"Verify title normalization, recension, edition, and item-level rights."
sruti-aitareya-aranyaka,Śruti,Āraṇyaka / requested structural layer,Aitareya Aranyaka,,,Traditional/anonymous unless an edition establishes otherwise,requested-scope,link-only-pending-rights,needs-commentary-mapping,https://github.com/INDOLOGY/GRETIL-mirror/search?q=Aitareya+Aranyaka&type=code,"Verify title normalization, recension, edition, and item-level rights."
sruti-kaushitaki-aranyaka,Śruti,Āraṇyaka / requested structural layer,Kaushitaki Aranyaka,,,Traditional/anonymous unless an edition establishes otherwise,requested-scope,link-only-pending-rights,needs-commentary-mapping,https://github.com/INDOLOGY/GRETIL-mirror/search?q=Kaushitaki+Aranyaka&type=code,"Verify title normalization, recension, edition, and item-level rights."
sruti-brihadaranyaka-aranyaka,Śruti,Āraṇyaka / requested structural layer,Brihadaranyaka Aranyaka,,,Traditional/anonymous unless an edition establishes otherwise,requested-scope,link-only-pending-rights,needs-commentary-mapping,https://github.com/INDOLOGY/GRETIL-mirror/search?q=Brihadaranyaka+Aranyaka&type=code,Requested label retained; review classification because Bṛhadāraṇyaka is normally catalogued as an Upaniṣad associated with the Śatapatha Brāhmaṇa.
sruti-taittiriya-aranyaka,Śruti,Āraṇyaka / requested structural layer,Taittiriya Aranyaka,,,Traditional/anonymous unless an edition establishes otherwise,requested-scope,link-only-pending-rights,needs-commentary-mapping,https://github.com/INDOLOGY/GRETIL-mirror/search?q=Taittiriya+Aranyaka&type=code,"Verify title normalization, recension, edition, and item-level rights."
sruti-maitrayani-aranyaka,Śruti,Āraṇyaka / requested structural layer,Maitrayani Aranyaka,,,Traditional/anonymous unless an edition establishes otherwise,requested-scope,link-only-pending-rights,needs-commentary-mapping,https://github.com/INDOLOGY/GRETIL-mirror/search?q=Maitrayani+Aranyaka&type=code,"Verify title normalization, recension, edition, and item-level rights."
upanisad-aitareya,Upaniṣad,Requested 108-title list,Aitareya,,Muktika-style 108-title list supplied for this project,Traditional/anonymous unless an edition establishes otherwise,requested-scope,link-only-pending-rights,needs-commentary-mapping,https://github.com/INDOLOGY/GRETIL-mirror/search?q=Aitareya&type=code,"Verify title normalization, recension, edition, and item-level rights."
upanisad-kaushitaki,Upaniṣad,Requested 108-title list,Kaushitaki,,Muktika-style 108-title list supplied for this project,Traditional/anonymous unless an edition establishes otherwise,requested-scope,link-only-pending-rights,needs-commentary-mapping,https://github.com/INDOLOGY/GRETIL-mirror/search?q=Kaushitaki&type=code,"Verify title normalization, recension, edition, and item-level rights."
upanisad-mudgala,Upaniṣad,Requested 108-title list,Mudgala,,Muktika-style 108-title list supplied for this project,Traditional/anonymous unless an edition establishes otherwise,requested-scope,link-only-pending-rights,needs-commentary-mapping,https://github.com/INDOLOGY/GRETIL-mirror/search?q=Mudgala&type=code,"Verify title normalization, recension, edition, and item-level rights."
upanisad-atma-bodha,Upaniṣad,Requested 108-title list,Atma-Bodha,,Muktika-style 108-title list supplied for this project,Traditional/anonymous unless an edition establishes otherwise,requested-scope,link-only-pending-rights,needs-commentary-mapping,https://github.com/INDOLOGY/GRETIL-mirror/search?q=Atma-Bodha&type=code,"Verify title normalization, recension, edition, and item-level rights."
upanisad-nirvana,Upaniṣad,Requested 108-title list,Nirvana,,Muktika-style 108-title list supplied for this project,Traditional/anonymous unless an edition establishes otherwise,requested-scope,link-only-pending-rights,needs-commentary-mapping,https://github.com/INDOLOGY/GRETIL-mirror/search?q=Nirvana&type=code,"Verify title normalization, recension, edition, and item-level rights."
upanisad-akshamalika,Upaniṣad,Requested 108-title list,Akshamalika,,Muktika-style 108-title list supplied for this project,Traditional/anonymous unless an edition establishes otherwise,requested-scope,link-only-pending-rights,needs-commentary-mapping,https://github.com/INDOLOGY/GRETIL-mirror/search?q=Akshamalika&type=code,"Verify title normalization, recension, edition, and item-level rights."
upanisad-tripura,Upaniṣad,Requested 108-title list,Tripura,,Muktika-style 108-title list supplied for this project,Traditional/anonymous unless an edition establishes otherwise,requested-scope,link-only-pending-rights,needs-commentary-mapping,https://github.com/INDOLOGY/GRETIL-mirror/search?q=Tripura&type=code,"Verify title normalization, recension, edition, and item-level rights."
upanisad-saubhagya-lakshmi,Upaniṣad,Requested 108-title list,Saubhagya-Lakshmi,,Muktika-style 108-title list supplied for this project,Traditional/anonymous unless an edition establishes otherwise,requested-scope,link-only-pending-rights,needs-commentary-mapping,https://github.com/INDOLOGY/GRETIL-mirror/search?q=Saubhagya-Lakshmi&type=code,"Verify title normalization, recension, edition, and item-level rights."
upanisad-bahvricha,Upaniṣad,Requested 108-title list,Bahvricha,,Muktika-style 108-title list supplied for this project,Traditional/anonymous unless an edition establishes otherwise,requested-scope,link-only-pending-rights,needs-commentary-mapping,https://github.com/INDOLOGY/GRETIL-mirror/search?q=Bahvricha&type=code,"Verify title normalization, recension, edition, and item-level rights."
upanisad-nadabindu,Upaniṣad,Requested 108-title list,Nadabindu,,Muktika-style 108-title list supplied for this project,Traditional/anonymous unless an edition establishes otherwise,requested-scope,link-only-pending-rights,needs-commentary-mapping,https://github.com/INDOLOGY/GRETIL-mirror/search?q=Nadabindu&type=code,"Verify title normalization, recension, edition, and item-level rights."
upanisad-isha,Upaniṣad,Requested 108-title list,Isha,,Muktika-style 108-title list supplied for this project,Traditional/anonymous unless an edition establishes otherwise,requested-scope,link-only-pending-rights,needs-commentary-mapping,https://github.com/INDOLOGY/GRETIL-mirror/search?q=Isha&type=code,"Verify title normalization, recension, edition, and item-level rights."
upanisad-brihadaranyaka,Upaniṣad,Requested 108-title list,Brihadaranyaka,,Muktika-style 108-title list supplied for this project,Traditional/anonymous unless an edition establishes otherwise,requested-scope,link-only-pending-rights,needs-commentary-mapping,https://github.com/INDOLOGY/GRETIL-mirror/search?q=Brihadaranyaka&type=code,"Verify title normalization, recension, edition, and item-level rights."
upanisad-jabala,Upaniṣad,Requested 108-title list,Jabala,,Muktika-style 108-title list supplied for this project,Traditional/anonymous unless an edition establishes otherwise,requested-scope,link-only-pending-rights,needs-commentary-mapping,https://github.com/INDOLOGY/GRETIL-mirror/search?q=Jabala&type=code,"Verify title normalization, recension, edition, and item-level rights."
upanisad-hamsa,Upaniṣad,Requested 108-title list,Hamsa,,Muktika-style 108-title list supplied for this project,Traditional/anonymous unless an edition establishes otherwise,requested-scope,link-only-pending-rights,needs-commentary-mapping,https://github.com/INDOLOGY/GRETIL-mirror/search?q=Hamsa&type=code,"Verify title normalization, recension, edition, and item-level rights."
upanisad-paramahamsa,Upaniṣad,Requested 108-title list,Paramahamsa,,Muktika-style 108-title list supplied for this project,Traditional/anonymous unless an edition establishes otherwise,requested-scope,link-only-pending-rights,needs-commentary-mapping,https://github.com/INDOLOGY/GRETIL-mirror/search?q=Paramahamsa&type=code,"Verify title normalization, recension, edition, and item-level rights."
upanisad-subala,Upaniṣad,Requested 108-title list,Subala,,Muktika-style 108-title list supplied for this project,Traditional/anonymous unless an edition establishes otherwise,requested-scope,link-only-pending-rights,needs-commentary-mapping,https://github.com/INDOLOGY/GRETIL-mirror/search?q=Subala&type=code,"Verify title normalization, recension, edition, and item-level rights."
upanisad-mantrika,Upaniṣad,Requested 108-title list,Mantrika,,Muktika-style 108-title list supplied for this project,Traditional/anonymous unless an edition establishes otherwise,requested-scope,link-only-pending-rights,needs-commentary-mapping,https://github.com/INDOLOGY/GRETIL-mirror/search?q=Mantrika&type=code,"Verify title normalization, recension, edition, and item-level rights."
upanisad-niralamba,Upaniṣad,Requested 108-title list,Niralamba,,Muktika-style 108-title list supplied for this project,Traditional/anonymous unless an edition establishes otherwise,requested-scope,link-only-pending-rights,needs-commentary-mapping,https://github.com/INDOLOGY/GRETIL-mirror/search?q=Niralamba&type=code,"Verify title normalization, recension, edition, and item-level rights."
upanisad-trishikhi-brahmana,Upaniṣad,Requested 108-title list,Trishikhi-Brahmana,,Muktika-style 108-title list supplied for this project,Traditional/anonymous unless an edition establishes otherwise,requested-scope,link-only-pending-rights,needs-commentary-mapping,https://github.com/INDOLOGY/GRETIL-mirror/search?q=Trishikhi-Brahmana&type=code,"Verify title normalization, recension, edition, and item-level rights."
upanisad-mandala-brahmana,Upaniṣad,Requested 108-title list,Mandala-Brahmana,,Muktika-style 108-title list supplied for this project,Traditional/anonymous unless an edition establishes otherwise,requested-scope,link-only-pending-rights,needs-commentary-mapping,https://github.com/INDOLOGY/GRETIL-mirror/search?q=Mandala-Brahmana&type=code,"Verify title normalization, recension, edition, and item-level rights."
upanisad-advayataraka,Upaniṣad,Requested 108-title list,Advayataraka,,Muktika-style 108-title list supplied for this project,Traditional/anonymous unless an edition establishes otherwise,requested-scope,link-only-pending-rights,needs-commentary-mapping,https://github.com/INDOLOGY/GRETIL-mirror/search?q=Advayataraka&type=code,"Verify title normalization, recension, edition, and item-level rights."
upanisad-paingala,Upaniṣad,Requested 108-title list,Paingala,,Muktika-style 108-title list supplied for this project,Traditional/anonymous unless an edition establishes otherwise,requested-scope,link-only-pending-rights,needs-commentary-mapping,https://github.com/INDOLOGY/GRETIL-mirror/search?q=Paingala&type=code,"Verify title normalization, recension, edition, and item-level rights."
upanisad-bhikshu,Upaniṣad,Requested 108-title list,Bhikshu,,Muktika-style 108-title list supplied for this project,Traditional/anonymous unless an edition establishes otherwise,requested-scope,link-only-pending-rights,needs-commentary-mapping,https://github.com/INDOLOGY/GRETIL-mirror/search?q=Bhikshu&type=code,"Verify title normalization, recension, edition, and item-level rights."
upanisad-turiyatita,Upaniṣad,Requested 108-title list,Turiyatita,,Muktika-style 108-title list supplied for this project,Traditional/anonymous unless an edition establishes otherwise,requested-scope,link-only-pending-rights,needs-commentary-mapping,https://github.com/INDOLOGY/GRETIL-mirror/search?q=Turiyatita&type=code,"Verify title normalization, recension, edition, and item-level rights."
upanisad-adhyatma,Upaniṣad,Requested 108-title list,Adhyatma,,Muktika-style 108-title list supplied for this project,Traditional/anonymous unless an edition establishes otherwise,requested-scope,link-only-pending-rights,needs-commentary-mapping,https://github.com/INDOLOGY/GRETIL-mirror/search?q=Adhyatma&type=code,"Verify title normalization, recension, edition, and item-level rights."
upanisad-tarasara,Upaniṣad,Requested 108-title list,Tarasara,,Muktika-style 108-title list supplied for this project,Traditional/anonymous unless an edition establishes otherwise,requested-scope,link-only-pending-rights,needs-commentary-mapping,https://github.com/INDOLOGY/GRETIL-mirror/search?q=Tarasara&type=code,"Verify title normalization, recension, edition, and item-level rights."
upanisad-yajnavalkya,Upaniṣad,Requested 108-title list,Yajnavalkya,,Muktika-style 108-title list supplied for this project,Traditional/anonymous unless an edition establishes otherwise,requested-scope,link-only-pending-rights,needs-commentary-mapping,https://github.com/INDOLOGY/GRETIL-mirror/search?q=Yajnavalkya&type=code,"Verify title normalization, recension, edition, and item-level rights."
upanisad-satyayani,Upaniṣad,Requested 108-title list,Satyayani,,Muktika-style 108-title list supplied for this project,Traditional/anonymous unless an edition establishes otherwise,requested-scope,link-only-pending-rights,needs-commentary-mapping,https://github.com/INDOLOGY/GRETIL-mirror/search?q=Satyayani&type=code,"Verify title normalization, recension, edition, and item-level rights."
upanisad-muktika,Upaniṣad,Requested 108-title list,Muktika,,Muktika-style 108-title list supplied for this project,Traditional/anonymous unless an edition establishes otherwise,requested-scope,link-only-pending-rights,needs-commentary-mapping,https://github.com/INDOLOGY/GRETIL-mirror/search?q=Muktika&type=code,"Verify title normalization, recension, edition, and item-level rights."
upanisad-katha,Upaniṣad,Requested 108-title list,Katha,,Muktika-style 108-title list supplied for this project,Traditional/anonymous unless an edition establishes otherwise,requested-scope,link-only-pending-rights,needs-commentary-mapping,https://github.com/INDOLOGY/GRETIL-mirror/search?q=Katha&type=code,"Verify title normalization, recension, edition, and item-level rights."
upanisad-taittiriya,Upaniṣad,Requested 108-title list,Taittiriya,,Muktika-style 108-title list supplied for this project,Traditional/anonymous unless an edition establishes otherwise,requested-scope,link-only-pending-rights,needs-commentary-mapping,https://github.com/INDOLOGY/GRETIL-mirror/search?q=Taittiriya&type=code,"Verify title normalization, recension, edition, and item-level rights."
upanisad-shvetashvatara,Upaniṣad,Requested 108-title list,Shvetashvatara,,Muktika-style 108-title list supplied for this project,Traditional/anonymous unless an edition establishes otherwise,requested-scope,link-only-pending-rights,needs-commentary-mapping,https://github.com/INDOLOGY/GRETIL-mirror/search?q=Shvetashvatara&type=code,"Verify title normalization, recension, edition, and item-level rights."
upanisad-maitrayani,Upaniṣad,Requested 108-title list,Maitrayani,,Muktika-style 108-title list supplied for this project,Traditional/anonymous unless an edition establishes otherwise,requested-scope,link-only-pending-rights,needs-commentary-mapping,https://github.com/INDOLOGY/GRETIL-mirror/search?q=Maitrayani&type=code,"Verify title normalization, recension, edition, and item-level rights."
upanisad-garbha,Upaniṣad,Requested 108-title list,Garbha,,Muktika-style 108-title list supplied for this project,Traditional/anonymous unless an edition establishes otherwise,requested-scope,link-only-pending-rights,needs-commentary-mapping,https://github.com/INDOLOGY/GRETIL-mirror/search?q=Garbha&type=code,"Verify title normalization, recension, edition, and item-level rights."
upanisad-brahma,Upaniṣad,Requested 108-title list,Brahma,,Muktika-style 108-title list supplied for this project,Traditional/anonymous unless an edition establishes otherwise,requested-scope,link-only-pending-rights,needs-commentary-mapping,https://github.com/INDOLOGY/GRETIL-mirror/search?q=Brahma&type=code,"Verify title normalization, recension, edition, and item-level rights."
upanisad-kaivalya,Upaniṣad,Requested 108-title list,Kaivalya,,Muktika-style 108-title list supplied for this project,Traditional/anonymous unless an edition establishes otherwise,requested-scope,link-only-pending-rights,needs-commentary-mapping,https://github.com/INDOLOGY/GRETIL-mirror/search?q=Kaivalya&type=code,"Verify title normalization, recension, edition, and item-level rights."
upanisad-kalagni-rudra,Upaniṣad,Requested 108-title list,Kalagni-Rudra,,Muktika-style 108-title list supplied for this project,Traditional/anonymous unless an edition establishes otherwise,requested-scope,link-only-pending-rights,needs-commentary-mapping,https://github.com/INDOLOGY/GRETIL-mirror/search?q=Kalagni-Rudra&type=code,"Verify title normalization, recension, edition, and item-level rights."
upanisad-mahanarayana,Upaniṣad,Requested 108-title list,Mahanarayana,,Muktika-style 108-title list supplied for this project,Traditional/anonymous unless an edition establishes otherwise,requested-scope,link-only-pending-rights,needs-commentary-mapping,https://github.com/INDOLOGY/GRETIL-mirror/search?q=Mahanarayana&type=code,"Verify title normalization, recension, edition, and item-level rights."
upanisad-amritabindu,Upaniṣad,Requested 108-title list,Amritabindu,,Muktika-style 108-title list supplied for this project,Traditional/anonymous unless an edition establishes otherwise,requested-scope,link-only-pending-rights,needs-commentary-mapping,https://github.com/INDOLOGY/GRETIL-mirror/search?q=Amritabindu&type=code,"Verify title normalization, recension, edition, and item-level rights."
upanisad-amritanada,Upaniṣad,Requested 108-title list,Amritanada,,Muktika-style 108-title list supplied for this project,Traditional/anonymous unless an edition establishes otherwise,requested-scope,link-only-pending-rights,needs-commentary-mapping,https://github.com/INDOLOGY/GRETIL-mirror/search?q=Amritanada&type=code,"Verify title normalization, recension, edition, and item-level rights."
upanisad-kshurika,Upaniṣad,Requested 108-title list,Kshurika,,Muktika-style 108-title list supplied for this project,Traditional/anonymous unless an edition establishes otherwise,requested-scope,link-only-pending-rights,needs-commentary-mapping,https://github.com/INDOLOGY/GRETIL-mirror/search?q=Kshurika&type=code,"Verify title normalization, recension, edition, and item-level rights."
upanisad-tejobindu,Upaniṣad,Requested 108-title list,Tejobindu,,Muktika-style 108-title list supplied for this project,Traditional/anonymous unless an edition establishes otherwise,requested-scope,link-only-pending-rights,needs-commentary-mapping,https://github.com/INDOLOGY/GRETIL-mirror/search?q=Tejobindu&type=code,"Verify title normalization, recension, edition, and item-level rights."
upanisad-dhyanabindu,Upaniṣad,Requested 108-title list,Dhyanabindu,,Muktika-style 108-title list supplied for this project,Traditional/anonymous unless an edition establishes otherwise,requested-scope,link-only-pending-rights,needs-commentary-mapping,https://github.com/INDOLOGY/GRETIL-mirror/search?q=Dhyanabindu&type=code,"Verify title normalization, recension, edition, and item-level rights."
upanisad-brahmavidya,Upaniṣad,Requested 108-title list,Brahmavidya,,Muktika-style 108-title list supplied for this project,Traditional/anonymous unless an edition establishes otherwise,requested-scope,link-only-pending-rights,needs-commentary-mapping,https://github.com/INDOLOGY/GRETIL-mirror/search?q=Brahmavidya&type=code,"Verify title normalization, recension, edition, and item-level rights."
upanisad-yogatattva,Upaniṣad,Requested 108-title list,Yogatattva,,Muktika-style 108-title list supplied for this project,Traditional/anonymous unless an edition establishes otherwise,requested-scope,link-only-pending-rights,needs-commentary-mapping,https://github.com/INDOLOGY/GRETIL-mirror/search?q=Yogatattva&type=code,"Verify title normalization, recension, edition, and item-level rights."
upanisad-dakshinamurti,Upaniṣad,Requested 108-title list,Dakshinamurti,,Muktika-style 108-title list supplied for this project,Traditional/anonymous unless an edition establishes otherwise,requested-scope,link-only-pending-rights,needs-commentary-mapping,https://github.com/INDOLOGY/GRETIL-mirror/search?q=Dakshinamurti&type=code,"Verify title normalization, recension, edition, and item-level rights."
upanisad-skanda,Upaniṣad,Requested 108-title list,Skanda,,Muktika-style 108-title list supplied for this project,Traditional/anonymous unless an edition establishes otherwise,requested-scope,link-only-pending-rights,needs-commentary-mapping,https://github.com/INDOLOGY/GRETIL-mirror/search?q=Skanda&type=code,"Verify title normalization, recension, edition, and item-level rights."
upanisad-shariraka,Upaniṣad,Requested 108-title list,Shariraka,,Muktika-style 108-title list supplied for this project,Traditional/anonymous unless an edition establishes otherwise,requested-scope,link-only-pending-rights,needs-commentary-mapping,https://github.com/INDOLOGY/GRETIL-mirror/search?q=Shariraka&type=code,"Verify title normalization, recension, edition, and item-level rights."
upanisad-yoga-shikha,Upaniṣad,Requested 108-title list,Yoga-Shikha,,Muktika-style 108-title list supplied for this project,Traditional/anonymous unless an edition establishes otherwise,requested-scope,link-only-pending-rights,needs-commentary-mapping,https://github.com/INDOLOGY/GRETIL-mirror/search?q=Yoga-Shikha&type=code,"Verify title normalization, recension, edition, and item-level rights."
upanisad-ekakshara,Upaniṣad,Requested 108-title list,Ekakshara,,Muktika-style 108-title list supplied for this project,Traditional/anonymous unless an edition establishes otherwise,requested-scope,link-only-pending-rights,needs-commentary-mapping,https://github.com/INDOLOGY/GRETIL-mirror/search?q=Ekakshara&type=code,"Verify title normalization, recension, edition, and item-level rights."
upanisad-akshi,Upaniṣad,Requested 108-title list,Akshi,,Muktika-style 108-title list supplied for this project,Traditional/anonymous unless an edition establishes otherwise,requested-scope,link-only-pending-rights,needs-commentary-mapping,https://github.com/INDOLOGY/GRETIL-mirror/search?q=Akshi&type=code,"Verify title normalization, recension, edition, and item-level rights."
upanisad-avadhuta,Upaniṣad,Requested 108-title list,Avadhuta,,Muktika-style 108-title list supplied for this project,Traditional/anonymous unless an edition establishes otherwise,requested-scope,link-only-pending-rights,needs-commentary-mapping,https://github.com/INDOLOGY/GRETIL-mirror/search?q=Avadhuta&type=code,"Verify title normalization, recension, edition, and item-level rights."
upanisad-katharudra,Upaniṣad,Requested 108-title list,Katharudra,,Muktika-style 108-title list supplied for this project,Traditional/anonymous unless an edition establishes otherwise,requested-scope,link-only-pending-rights,needs-commentary-mapping,https://github.com/INDOLOGY/GRETIL-mirror/search?q=Katharudra&type=code,"Verify title normalization, recension, edition, and item-level rights."
upanisad-rudrahridaya,Upaniṣad,Requested 108-title list,Rudrahridaya,,Muktika-style 108-title list supplied for this project,Traditional/anonymous unless an edition establishes otherwise,requested-scope,link-only-pending-rights,needs-commentary-mapping,https://github.com/INDOLOGY/GRETIL-mirror/search?q=Rudrahridaya&type=code,"Verify title normalization, recension, edition, and item-level rights."
upanisad-panchabrahma,Upaniṣad,Requested 108-title list,Panchabrahma,,Muktika-style 108-title list supplied for this project,Traditional/anonymous unless an edition establishes otherwise,requested-scope,link-only-pending-rights,needs-commentary-mapping,https://github.com/INDOLOGY/GRETIL-mirror/search?q=Panchabrahma&type=code,"Verify title normalization, recension, edition, and item-level rights."
upanisad-pranagnihotra,Upaniṣad,Requested 108-title list,Pranagnihotra,,Muktika-style 108-title list supplied for this project,Traditional/anonymous unless an edition establishes otherwise,requested-scope,link-only-pending-rights,needs-commentary-mapping,https://github.com/INDOLOGY/GRETIL-mirror/search?q=Pranagnihotra&type=code,"Verify title normalization, recension, edition, and item-level rights."
upanisad-sarasvati-rahasya,Upaniṣad,Requested 108-title list,Sarasvati-Rahasya,,Muktika-style 108-title list supplied for this project,Traditional/anonymous unless an edition establishes otherwise,requested-scope,link-only-pending-rights,needs-commentary-mapping,https://github.com/INDOLOGY/GRETIL-mirror/search?q=Sarasvati-Rahasya&type=code,"Verify title normalization, recension, edition, and item-level rights."
upanisad-sukarahasya,Upaniṣad,Requested 108-title list,Sukarahasya,,Muktika-style 108-title list supplied for this project,Traditional/anonymous unless an edition establishes otherwise,requested-scope,link-only-pending-rights,needs-commentary-mapping,https://github.com/INDOLOGY/GRETIL-mirror/search?q=Sukarahasya&type=code,"Verify title normalization, recension, edition, and item-level rights."
upanisad-varaha,Upaniṣad,Requested 108-title list,Varaha,,Muktika-style 108-title list supplied for this project,Traditional/anonymous unless an edition establishes otherwise,requested-scope,link-only-pending-rights,needs-commentary-mapping,https://github.com/INDOLOGY/GRETIL-mirror/search?q=Varaha&type=code,"Verify title normalization, recension, edition, and item-level rights."
upanisad-yogakundali,Upaniṣad,Requested 108-title list,Yogakundali,,Muktika-style 108-title list supplied for this project,Traditional/anonymous unless an edition establishes otherwise,requested-scope,link-only-pending-rights,needs-commentary-mapping,https://github.com/INDOLOGY/GRETIL-mirror/search?q=Yogakundali&type=code,"Verify title normalization, recension, edition, and item-level rights."
upanisad-kalisantarana,Upaniṣad,Requested 108-title list,Kalisantarana,,Muktika-style 108-title list supplied for this project,Traditional/anonymous unless an edition establishes otherwise,requested-scope,link-only-pending-rights,needs-commentary-mapping,https://github.com/INDOLOGY/GRETIL-mirror/search?q=Kalisantarana&type=code,"Verify title normalization, recension, edition, and item-level rights."
upanisad-chandogya,Upaniṣad,Requested 108-title list,Chandogya,,Muktika-style 108-title list supplied for this project,Traditional/anonymous unless an edition establishes otherwise,requested-scope,link-only-pending-rights,needs-commentary-mapping,https://github.com/INDOLOGY/GRETIL-mirror/search?q=Chandogya&type=code,"Verify title normalization, recension, edition, and item-level rights."
upanisad-kena,Upaniṣad,Requested 108-title list,Kena,,Muktika-style 108-title list supplied for this project,Traditional/anonymous unless an edition establishes otherwise,requested-scope,link-only-pending-rights,needs-commentary-mapping,https://github.com/INDOLOGY/GRETIL-mirror/search?q=Kena&type=code,"Verify title normalization, recension, edition, and item-level rights."
upanisad-aruni,Upaniṣad,Requested 108-title list,Aruni,,Muktika-style 108-title list supplied for this project,Traditional/anonymous unless an edition establishes otherwise,requested-scope,link-only-pending-rights,needs-commentary-mapping,https://github.com/INDOLOGY/GRETIL-mirror/search?q=Aruni&type=code,"Verify title normalization, recension, edition, and item-level rights."
upanisad-maitreya,Upaniṣad,Requested 108-title list,Maitreya,,Muktika-style 108-title list supplied for this project,Traditional/anonymous unless an edition establishes otherwise,requested-scope,link-only-pending-rights,needs-commentary-mapping,https://github.com/INDOLOGY/GRETIL-mirror/search?q=Maitreya&type=code,"Verify title normalization, recension, edition, and item-level rights."
upanisad-vajrasuchi,Upaniṣad,Requested 108-title list,Vajrasuchi,,Muktika-style 108-title list supplied for this project,Traditional/anonymous unless an edition establishes otherwise,requested-scope,link-only-pending-rights,needs-commentary-mapping,https://github.com/INDOLOGY/GRETIL-mirror/search?q=Vajrasuchi&type=code,"Verify title normalization, recension, edition, and item-level rights."
upanisad-vasudeva,Upaniṣad,Requested 108-title list,Vasudeva,,Muktika-style 108-title list supplied for this project,Traditional/anonymous unless an edition establishes otherwise,requested-scope,link-only-pending-rights,needs-commentary-mapping,https://github.com/INDOLOGY/GRETIL-mirror/search?q=Vasudeva&type=code,"Verify title normalization, recension, edition, and item-level rights."
upanisad-avyakta,Upaniṣad,Requested 108-title list,Avyakta,,Muktika-style 108-title list supplied for this project,Traditional/anonymous unless an edition establishes otherwise,requested-scope,link-only-pending-rights,needs-commentary-mapping,https://github.com/INDOLOGY/GRETIL-mirror/search?q=Avyakta&type=code,"Verify title normalization, recension, edition, and item-level rights."
upanisad-kundika,Upaniṣad,Requested 108-title list,Kundika,,Muktika-style 108-title list supplied for this project,Traditional/anonymous unless an edition establishes otherwise,requested-scope,link-only-pending-rights,needs-commentary-mapping,https://github.com/INDOLOGY/GRETIL-mirror/search?q=Kundika&type=code,"Verify title normalization, recension, edition, and item-level rights."
upanisad-jabala-darshana,Upaniṣad,Requested 108-title list,Jabala-Darshana,Javali; Darshana,Muktika-style 108-title list supplied for this project,Traditional/anonymous unless an edition establishes otherwise,requested-scope,link-only-pending-rights,needs-commentary-mapping,https://github.com/INDOLOGY/GRETIL-mirror/search?q=Jabala-Darshana&type=code,Normalized as one Muktika-style title from the supplied separate entries 'Javali' and 'Darshana'; preserve those supplied forms as aliases.
upanisad-yogachudamani,Upaniṣad,Requested 108-title list,Yogachudamani,,Muktika-style 108-title list supplied for this project,Traditional/anonymous unless an edition establishes otherwise,requested-scope,link-only-pending-rights,needs-commentary-mapping,https://github.com/INDOLOGY/GRETIL-mirror/search?q=Yogachudamani&type=code,"Verify title normalization, recension, edition, and item-level rights."
upanisad-samnyasa,Upaniṣad,Requested 108-title list,Samnyasa,,Muktika-style 108-title list supplied for this project,Traditional/anonymous unless an edition establishes otherwise,requested-scope,link-only-pending-rights,needs-commentary-mapping,https://github.com/INDOLOGY/GRETIL-mirror/search?q=Samnyasa&type=code,Generic or variant title; identify the exact Upaniṣad intended before mirroring.
upanisad-mahat,Upaniṣad,Requested 108-title list,Mahat,,Muktika-style 108-title list supplied for this project,Traditional/anonymous unless an edition establishes otherwise,requested-scope,link-only-pending-rights,needs-commentary-mapping,https://github.com/INDOLOGY/GRETIL-mirror/search?q=Mahat&type=code,"Verify title normalization, recension, edition, and item-level rights."
upanisad-savitri,Upaniṣad,Requested 108-title list,Savitri,,Muktika-style 108-title list supplied for this project,Traditional/anonymous unless an edition establishes otherwise,requested-scope,link-only-pending-rights,needs-commentary-mapping,https://github.com/INDOLOGY/GRETIL-mirror/search?q=Savitri&type=code,"Verify title normalization, recension, edition, and item-level rights."
upanisad-rudraksha-jabala,Upaniṣad,Requested 108-title list,Rudraksha-Jabala,,Muktika-style 108-title list supplied for this project,Traditional/anonymous unless an edition establishes otherwise,requested-scope,link-only-pending-rights,needs-commentary-mapping,https://github.com/INDOLOGY/GRETIL-mirror/search?q=Rudraksha-Jabala&type=code,"Verify title normalization, recension, edition, and item-level rights."
upanisad-jabali,Upaniṣad,Requested 108-title list,Jabali,,Muktika-style 108-title list supplied for this project,Traditional/anonymous unless an edition establishes otherwise,requested-scope,link-only-pending-rights,needs-commentary-mapping,https://github.com/INDOLOGY/GRETIL-mirror/search?q=Jabali&type=code,"Verify title normalization, recension, edition, and item-level rights."
upanisad-mundaka,Upaniṣad,Requested 108-title list,Mundaka,,Muktika-style 108-title list supplied for this project,Traditional/anonymous unless an edition establishes otherwise,requested-scope,link-only-pending-rights,needs-commentary-mapping,https://github.com/INDOLOGY/GRETIL-mirror/search?q=Mundaka&type=code,"Verify title normalization, recension, edition, and item-level rights."
upanisad-mandukya,Upaniṣad,Requested 108-title list,Mandukya,,Muktika-style 108-title list supplied for this project,Traditional/anonymous unless an edition establishes otherwise,requested-scope,link-only-pending-rights,needs-commentary-mapping,https://github.com/INDOLOGY/GRETIL-mirror/search?q=Mandukya&type=code,"Verify title normalization, recension, edition, and item-level rights."
upanisad-prashna,Upaniṣad,Requested 108-title list,Prashna,,Muktika-style 108-title list supplied for this project,Traditional/anonymous unless an edition establishes otherwise,requested-scope,link-only-pending-rights,needs-commentary-mapping,https://github.com/INDOLOGY/GRETIL-mirror/search?q=Prashna&type=code,"Verify title normalization, recension, edition, and item-level rights."
upanisad-surya,Upaniṣad,Requested 108-title list,Surya,,Muktika-style 108-title list supplied for this project,Traditional/anonymous unless an edition establishes otherwise,requested-scope,link-only-pending-rights,needs-commentary-mapping,https://github.com/INDOLOGY/GRETIL-mirror/search?q=Surya&type=code,"Verify title normalization, recension, edition, and item-level rights."
upanisad-atma,Upaniṣad,Requested 108-title list,Atma,,Muktika-style 108-title list supplied for this project,Traditional/anonymous unless an edition establishes otherwise,requested-scope,link-only-pending-rights,needs-commentary-mapping,https://github.com/INDOLOGY/GRETIL-mirror/search?q=Atma&type=code,"Verify title normalization, recension, edition, and item-level rights."
upanisad-khechari,Upaniṣad,Requested 108-title list,Khechari,,Muktika-style 108-title list supplied for this project,Traditional/anonymous unless an edition establishes otherwise,requested-scope,link-only-pending-rights,needs-commentary-mapping,https://github.com/INDOLOGY/GRETIL-mirror/search?q=Khechari&type=code,"Verify title normalization, recension, edition, and item-level rights."
upanisad-palani,Upaniṣad,Requested 108-title list,Palani,,Muktika-style 108-title list supplied for this project,Traditional/anonymous unless an edition establishes otherwise,requested-scope,link-only-pending-rights,needs-commentary-mapping,https://github.com/INDOLOGY/GRETIL-mirror/search?q=Palani&type=code,Requested spelling retained; identity requires manuscript/catalogue verification before normalization.
upanisad-shaundilya,Upaniṣad,Requested 108-title list,Shaundilya,,Muktika-style 108-title list supplied for this project,Traditional/anonymous unless an edition establishes otherwise,requested-scope,link-only-pending-rights,needs-commentary-mapping,https://github.com/INDOLOGY/GRETIL-mirror/search?q=Shaundilya&type=code,Likely Śāṇḍilya Upaniṣad; normalize only after authority-file review.
upanisad-narada-parivrajaka,Upaniṣad,Requested 108-title list,Narada-Parivrajaka,,Muktika-style 108-title list supplied for this project,Traditional/anonymous unless an edition establishes otherwise,requested-scope,link-only-pending-rights,needs-commentary-mapping,https://github.com/INDOLOGY/GRETIL-mirror/search?q=Narada-Parivrajaka&type=code,"Verify title normalization, recension, edition, and item-level rights."
upanisad-parabrahma,Upaniṣad,Requested 108-title list,Parabrahma,,Muktika-style 108-title list supplied for this project,Traditional/anonymous unless an edition establishes otherwise,requested-scope,link-only-pending-rights,needs-commentary-mapping,https://github.com/INDOLOGY/GRETIL-mirror/search?q=Parabrahma&type=code,"Verify title normalization, recension, edition, and item-level rights."
upanisad-paramahamsa-parivrajaka,Upaniṣad,Requested 108-title list,Paramahamsa-Parivrajaka,,Muktika-style 108-title list supplied for this project,Traditional/anonymous unless an edition establishes otherwise,requested-scope,link-only-pending-rights,needs-commentary-mapping,https://github.com/INDOLOGY/GRETIL-mirror/search?q=Paramahamsa-Parivrajaka&type=code,"Verify title normalization, recension, edition, and item-level rights."
upanisad-pasupata-brahma,Upaniṣad,Requested 108-title list,Pasupata-Brahma,,Muktika-style 108-title list supplied for this project,Traditional/anonymous unless an edition establishes otherwise,requested-scope,link-only-pending-rights,needs-commentary-mapping,https://github.com/INDOLOGY/GRETIL-mirror/search?q=Pasupata-Brahma&type=code,"Verify title normalization, recension, edition, and item-level rights."
upanisad-mahavakya,Upaniṣad,Requested 108-title list,Mahavakya,,Muktika-style 108-title list supplied for this project,Traditional/anonymous unless an edition establishes otherwise,requested-scope,link-only-pending-rights,needs-commentary-mapping,https://github.com/INDOLOGY/GRETIL-mirror/search?q=Mahavakya&type=code,"Verify title normalization, recension, edition, and item-level rights."
upanisad-krishna,Upaniṣad,Requested 108-title list,Krishna,,Muktika-style 108-title list supplied for this project,Traditional/anonymous unless an edition establishes otherwise,requested-scope,link-only-pending-rights,needs-commentary-mapping,https://github.com/INDOLOGY/GRETIL-mirror/search?q=Krishna&type=code,"Verify title normalization, recension, edition, and item-level rights."
upanisad-garuda,Upaniṣad,Requested 108-title list,Garuda,,Muktika-style 108-title list supplied for this project,Traditional/anonymous unless an edition establishes otherwise,requested-scope,link-only-pending-rights,needs-commentary-mapping,https://github.com/INDOLOGY/GRETIL-mirror/search?q=Garuda&type=code,"Verify title normalization, recension, edition, and item-level rights."
upanisad-gopalatapini,Upaniṣad,Requested 108-title list,Gopalatapini,,Muktika-style 108-title list supplied for this project,Traditional/anonymous unless an edition establishes otherwise,requested-scope,link-only-pending-rights,needs-commentary-mapping,https://github.com/INDOLOGY/GRETIL-mirror/search?q=Gopalatapini&type=code,"Verify title normalization, recension, edition, and item-level rights."
upanisad-dattatreya,Upaniṣad,Requested 108-title list,Dattatreya,,Muktika-style 108-title list supplied for this project,Traditional/anonymous unless an edition establishes otherwise,requested-scope,link-only-pending-rights,needs-commentary-mapping,https://github.com/INDOLOGY/GRETIL-mirror/search?q=Dattatreya&type=code,"Verify title normalization, recension, edition, and item-level rights."
upanisad-nrsimhatapini,Upaniṣad,Requested 108-title list,Nrsimhatapini,,Muktika-style 108-title list supplied for this project,Traditional/anonymous unless an edition establishes otherwise,requested-scope,link-only-pending-rights,needs-commentary-mapping,https://github.com/INDOLOGY/GRETIL-mirror/search?q=Nrsimhatapini&type=code,"Verify title normalization, recension, edition, and item-level rights."
upanisad-ramatapini,Upaniṣad,Requested 108-title list,Ramatapini,,Muktika-style 108-title list supplied for this project,Traditional/anonymous unless an edition establishes otherwise,requested-scope,link-only-pending-rights,needs-commentary-mapping,https://github.com/INDOLOGY/GRETIL-mirror/search?q=Ramatapini&type=code,"Verify title normalization, recension, edition, and item-level rights."
upanisad-ramarahasya,Upaniṣad,Requested 108-title list,Ramarahasya,,Muktika-style 108-title list supplied for this project,Traditional/anonymous unless an edition establishes otherwise,requested-scope,link-only-pending-rights,needs-commentary-mapping,https://github.com/INDOLOGY/GRETIL-mirror/search?q=Ramarahasya&type=code,"Verify title normalization, recension, edition, and item-level rights."
upanisad-hayagriva,Upaniṣad,Requested 108-title list,Hayagriva,,Muktika-style 108-title list supplied for this project,Traditional/anonymous unless an edition establishes otherwise,requested-scope,link-only-pending-rights,needs-commentary-mapping,https://github.com/INDOLOGY/GRETIL-mirror/search?q=Hayagriva&type=code,"Verify title normalization, recension, edition, and item-level rights."
upanisad-atharvashikha,Upaniṣad,Requested 108-title list,Atharvashikha,,Muktika-style 108-title list supplied for this project,Traditional/anonymous unless an edition establishes otherwise,requested-scope,link-only-pending-rights,needs-commentary-mapping,https://github.com/INDOLOGY/GRETIL-mirror/search?q=Atharvashikha&type=code,"Verify title normalization, recension, edition, and item-level rights."
upanisad-atharvashira,Upaniṣad,Requested 108-title list,Atharvashira,,Muktika-style 108-title list supplied for this project,Traditional/anonymous unless an edition establishes otherwise,requested-scope,link-only-pending-rights,needs-commentary-mapping,https://github.com/INDOLOGY/GRETIL-mirror/search?q=Atharvashira&type=code,"Verify title normalization, recension, edition, and item-level rights."
upanisad-ganapati,Upaniṣad,Requested 108-title list,Ganapati,,Muktika-style 108-title list supplied for this project,Traditional/anonymous unless an edition establishes otherwise,requested-scope,link-only-pending-rights,needs-commentary-mapping,https://github.com/INDOLOGY/GRETIL-mirror/search?q=Ganapati&type=code,"Verify title normalization, recension, edition, and item-level rights."
upanisad-brihajjabala,Upaniṣad,Requested 108-title list,Brihajjabala,,Muktika-style 108-title list supplied for this project,Traditional/anonymous unless an edition establishes otherwise,requested-scope,link-only-pending-rights,needs-commentary-mapping,https://github.com/INDOLOGY/GRETIL-mirror/search?q=Brihajjabala&type=code,"Verify title normalization, recension, edition, and item-level rights."
upanisad-bhasmajabala,Upaniṣad,Requested 108-title list,Bhasmajabala,,Muktika-style 108-title list supplied for this project,Traditional/anonymous unless an edition establishes otherwise,requested-scope,link-only-pending-rights,needs-commentary-mapping,https://github.com/INDOLOGY/GRETIL-mirror/search?q=Bhasmajabala&type=code,"Verify title normalization, recension, edition, and item-level rights."
upanisad-sharabha,Upaniṣad,Requested 108-title list,Sharabha,,Muktika-style 108-title list supplied for this project,Traditional/anonymous unless an edition establishes otherwise,requested-scope,link-only-pending-rights,needs-commentary-mapping,https://github.com/INDOLOGY/GRETIL-mirror/search?q=Sharabha&type=code,"Verify title normalization, recension, edition, and item-level rights."
upanisad-annapurna,Upaniṣad,Requested 108-title list,Annapurna,,Muktika-style 108-title list supplied for this project,Traditional/anonymous unless an edition establishes otherwise,requested-scope,link-only-pending-rights,needs-commentary-mapping,https://github.com/INDOLOGY/GRETIL-mirror/search?q=Annapurna&type=code,"Verify title normalization, recension, edition, and item-level rights."
upanisad-tripuratapini,Upaniṣad,Requested 108-title list,Tripuratapini,,Muktika-style 108-title list supplied for this project,Traditional/anonymous unless an edition establishes otherwise,requested-scope,link-only-pending-rights,needs-commentary-mapping,https://github.com/INDOLOGY/GRETIL-mirror/search?q=Tripuratapini&type=code,"Verify title normalization, recension, edition, and item-level rights."
upanisad-devi,Upaniṣad,Requested 108-title list,Devi,,Muktika-style 108-title list supplied for this project,Traditional/anonymous unless an edition establishes otherwise,requested-scope,link-only-pending-rights,needs-commentary-mapping,https://github.com/INDOLOGY/GRETIL-mirror/search?q=Devi&type=code,"Verify title normalization, recension, edition, and item-level rights."
upanisad-bhavana,Upaniṣad,Requested 108-title list,Bhavana,,Muktika-style 108-title list supplied for this project,Traditional/anonymous unless an edition establishes otherwise,requested-scope,link-only-pending-rights,needs-commentary-mapping,https://github.com/INDOLOGY/GRETIL-mirror/search?q=Bhavana&type=code,"Verify title normalization, recension, edition, and item-level rights."
upanisad-sita,Upaniṣad,Requested 108-title list,Sita,,Muktika-style 108-title list supplied for this project,Traditional/anonymous unless an edition establishes otherwise,requested-scope,link-only-pending-rights,needs-commentary-mapping,https://github.com/INDOLOGY/GRETIL-mirror/search?q=Sita&type=code,"Verify title normalization, recension, edition, and item-level rights."
itihasa-ramayana,Itihāsa,Rāmāyaṇa,Ramayana,,,Traditional/anonymous unless an edition establishes otherwise,requested-scope,link-only-pending-rights,needs-commentary-mapping,https://github.com/sarit/SARIT-corpus/search?q=Ramayana&type=code,"Verify title normalization, recension, edition, and item-level rights."
itihasa-bala-kanda,Itihāsa,Rāmāyaṇa,Bala Kanda,,Ramayana,Traditional/anonymous unless an edition establishes otherwise,requested-scope,link-only-pending-rights,needs-commentary-mapping,https://github.com/sarit/SARIT-corpus/search?q=Bala+Kanda&type=code,"Verify title normalization, recension, edition, and item-level rights."
itihasa-ayodhya-kanda,Itihāsa,Rāmāyaṇa,Ayodhya Kanda,,Ramayana,Traditional/anonymous unless an edition establishes otherwise,requested-scope,link-only-pending-rights,needs-commentary-mapping,https://github.com/sarit/SARIT-corpus/search?q=Ayodhya+Kanda&type=code,"Verify title normalization, recension, edition, and item-level rights."
itihasa-aranya-kanda,Itihāsa,Rāmāyaṇa,Aranya Kanda,,Ramayana,Traditional/anonymous unless an edition establishes otherwise,requested-scope,link-only-pending-rights,needs-commentary-mapping,https://github.com/sarit/SARIT-corpus/search?q=Aranya+Kanda&type=code,"Verify title normalization, recension, edition, and item-level rights."
itihasa-kishkindha-kanda,Itihāsa,Rāmāyaṇa,Kishkindha Kanda,,Ramayana,Traditional/anonymous unless an edition establishes otherwise,requested-scope,link-only-pending-rights,needs-commentary-mapping,https://github.com/sarit/SARIT-corpus/search?q=Kishkindha+Kanda&type=code,"Verify title normalization, recension, edition, and item-level rights."
itihasa-sundara-kanda,Itihāsa,Rāmāyaṇa,Sundara Kanda,,Ramayana,Traditional/anonymous unless an edition establishes otherwise,requested-scope,link-only-pending-rights,needs-commentary-mapping,https://github.com/sarit/SARIT-corpus/search?q=Sundara+Kanda&type=code,"Verify title normalization, recension, edition, and item-level rights."
itihasa-yuddha-kanda,Itihāsa,Rāmāyaṇa,Yuddha Kanda,,Ramayana,Traditional/anonymous unless an edition establishes otherwise,requested-scope,link-only-pending-rights,needs-commentary-mapping,https://github.com/sarit/SARIT-corpus/search?q=Yuddha+Kanda&type=code,"Verify title normalization, recension, edition, and item-level rights."
itihasa-uttara-kanda,Itihāsa,Rāmāyaṇa,Uttara Kanda,,Ramayana,Traditional/anonymous unless an edition establishes otherwise,requested-scope,link-only-pending-rights,needs-commentary-mapping,https://github.com/sarit/SARIT-corpus/search?q=Uttara+Kanda&type=code,Textual history and relationship to the earliest recoverable Rāmāyaṇa layers require edition-specific description.
itihasa-mahabharata,Itihāsa,Mahābhārata,Mahabharata,,,Traditional/anonymous unless an edition establishes otherwise,requested-scope,link-only-pending-rights,needs-commentary-mapping,https://github.com/sarit/SARIT-corpus/search?q=Mahabharata&type=code,"Verify title normalization, recension, edition, and item-level rights."
itihasa-adi-parva,Itihāsa,Mahābhārata,Adi Parva,,Mahabharata,Traditional/anonymous unless an edition establishes otherwise,requested-scope,link-only-pending-rights,needs-commentary-mapping,https://github.com/sarit/SARIT-corpus/search?q=Adi+Parva&type=code,"Verify title normalization, recension, edition, and item-level rights."
itihasa-sabha-parva,Itihāsa,Mahābhārata,Sabha Parva,,Mahabharata,Traditional/anonymous unless an edition establishes otherwise,requested-scope,link-only-pending-rights,needs-commentary-mapping,https://github.com/sarit/SARIT-corpus/search?q=Sabha+Parva&type=code,"Verify title normalization, recension, edition, and item-level rights."
itihasa-vana-parva,Itihāsa,Mahābhārata,Vana Parva,,Mahabharata,Traditional/anonymous unless an edition establishes otherwise,requested-scope,link-only-pending-rights,needs-commentary-mapping,https://github.com/sarit/SARIT-corpus/search?q=Vana+Parva&type=code,"Verify title normalization, recension, edition, and item-level rights."
itihasa-virata-parva,Itihāsa,Mahābhārata,Virata Parva,,Mahabharata,Traditional/anonymous unless an edition establishes otherwise,requested-scope,link-only-pending-rights,needs-commentary-mapping,https://github.com/sarit/SARIT-corpus/search?q=Virata+Parva&type=code,"Verify title normalization, recension, edition, and item-level rights."
itihasa-udyoga-parva,Itihāsa,Mahābhārata,Udyoga Parva,,Mahabharata,Traditional/anonymous unless an edition establishes otherwise,requested-scope,link-only-pending-rights,needs-commentary-mapping,https://github.com/sarit/SARIT-corpus/search?q=Udyoga+Parva&type=code,"Verify title normalization, recension, edition, and item-level rights."
itihasa-bhishma-parva,Itihāsa,Mahābhārata,Bhishma Parva,,Mahabharata,Traditional/anonymous unless an edition establishes otherwise,requested-scope,link-only-pending-rights,needs-commentary-mapping,https://github.com/sarit/SARIT-corpus/search?q=Bhishma+Parva&type=code,"Verify title normalization, recension, edition, and item-level rights."
itihasa-bhagavad-gita,Itihāsa,Mahābhārata,Bhagavad Gita,,Mahabharata,Traditional/anonymous unless an edition establishes otherwise,requested-scope,link-only-pending-rights,needs-commentary-mapping,https://github.com/sarit/SARIT-corpus/search?q=Bhagavad+Gita&type=code,"Verify title normalization, recension, edition, and item-level rights."
itihasa-drona-parva,Itihāsa,Mahābhārata,Drona Parva,,Mahabharata,Traditional/anonymous unless an edition establishes otherwise,requested-scope,link-only-pending-rights,needs-commentary-mapping,https://github.com/sarit/SARIT-corpus/search?q=Drona+Parva&type=code,"Verify title normalization, recension, edition, and item-level rights."
itihasa-karna-parva,Itihāsa,Mahābhārata,Karna Parva,,Mahabharata,Traditional/anonymous unless an edition establishes otherwise,requested-scope,link-only-pending-rights,needs-commentary-mapping,https://github.com/sarit/SARIT-corpus/search?q=Karna+Parva&type=code,"Verify title normalization, recension, edition, and item-level rights."
itihasa-shalya-parva,Itihāsa,Mahābhārata,Shalya Parva,,Mahabharata,Traditional/anonymous unless an edition establishes otherwise,requested-scope,link-only-pending-rights,needs-commentary-mapping,https://github.com/sarit/SARIT-corpus/search?q=Shalya+Parva&type=code,"Verify title normalization, recension, edition, and item-level rights."
itihasa-sauptika-parva,Itihāsa,Mahābhārata,Sauptika Parva,,Mahabharata,Traditional/anonymous unless an edition establishes otherwise,requested-scope,link-only-pending-rights,needs-commentary-mapping,https://github.com/sarit/SARIT-corpus/search?q=Sauptika+Parva&type=code,"Verify title normalization, recension, edition, and item-level rights."
itihasa-stri-parva,Itihāsa,Mahābhārata,Stri Parva,,Mahabharata,Traditional/anonymous unless an edition establishes otherwise,requested-scope,link-only-pending-rights,needs-commentary-mapping,https://github.com/sarit/SARIT-corpus/search?q=Stri+Parva&type=code,"Verify title normalization, recension, edition, and item-level rights."
itihasa-shanti-parva,Itihāsa,Mahābhārata,Shanti Parva,,Mahabharata,Traditional/anonymous unless an edition establishes otherwise,requested-scope,link-only-pending-rights,needs-commentary-mapping,https://github.com/sarit/SARIT-corpus/search?q=Shanti+Parva&type=code,"Verify title normalization, recension, edition, and item-level rights."
itihasa-anushasana-parva,Itihāsa,Mahābhārata,Anushasana Parva,,Mahabharata,Traditional/anonymous unless an edition establishes otherwise,requested-scope,link-only-pending-rights,needs-commentary-mapping,https://github.com/sarit/SARIT-corpus/search?q=Anushasana+Parva&type=code,"Verify title normalization, recension, edition, and item-level rights."
itihasa-ashvamedhika-parva,Itihāsa,Mahābhārata,Ashvamedhika Parva,,Mahabharata,Traditional/anonymous unless an edition establishes otherwise,requested-scope,link-only-pending-rights,needs-commentary-mapping,https://github.com/sarit/SARIT-corpus/search?q=Ashvamedhika+Parva&type=code,"Verify title normalization, recension, edition, and item-level rights."
itihasa-ashramavasika-parva,Itihāsa,Mahābhārata,Ashramavasika Parva,,Mahabharata,Traditional/anonymous unless an edition establishes otherwise,requested-scope,link-only-pending-rights,needs-commentary-mapping,https://github.com/sarit/SARIT-corpus/search?q=Ashramavasika+Parva&type=code,"Verify title normalization, recension, edition, and item-level rights."
itihasa-mausala-parva,Itihāsa,Mahābhārata,Mausala Parva,,Mahabharata,Traditional/anonymous unless an edition establishes otherwise,requested-scope,link-only-pending-rights,needs-commentary-mapping,https://github.com/sarit/SARIT-corpus/search?q=Mausala+Parva&type=code,"Verify title normalization, recension, edition, and item-level rights."
itihasa-mahaprasthanika-parva,Itihāsa,Mahābhārata,Mahaprasthanika Parva,,Mahabharata,Traditional/anonymous unless an edition establishes otherwise,requested-scope,link-only-pending-rights,needs-commentary-mapping,https://github.com/sarit/SARIT-corpus/search?q=Mahaprasthanika+Parva&type=code,"Verify title normalization, recension, edition, and item-level rights."
itihasa-svargarohana-parva,Itihāsa,Mahābhārata,Svargarohana Parva,,Mahabharata,Traditional/anonymous unless an edition establishes otherwise,requested-scope,link-only-pending-rights,needs-commentary-mapping,https://github.com/sarit/SARIT-corpus/search?q=Svargarohana+Parva&type=code,"Verify title normalization, recension, edition, and item-level rights."
itihasa-harivamsa,Itihāsa,Mahābhārata,Harivamsa,,,Traditional/anonymous unless an edition establishes otherwise,requested-scope,link-only-pending-rights,needs-commentary-mapping,https://github.com/sarit/SARIT-corpus/search?q=Harivamsa&type=code,"Usually catalogued as a Mahābhārata supplement/khila, not one of its eighteen parvans."
purana-brahma-purana,Purāṇa,Mahāpurāṇa and requested Upapurāṇa scope,Brahma Purana,,,Traditional/anonymous unless an edition establishes otherwise,requested-scope,link-only-pending-rights,needs-commentary-mapping,https://github.com/INDOLOGY/GRETIL-mirror/search?q=Brahma+Purana&type=code,"Verify title normalization, recension, edition, and item-level rights."
purana-padma-purana,Purāṇa,Mahāpurāṇa and requested Upapurāṇa scope,Padma Purana,,,Traditional/anonymous unless an edition establishes otherwise,requested-scope,link-only-pending-rights,needs-commentary-mapping,https://github.com/INDOLOGY/GRETIL-mirror/search?q=Padma+Purana&type=code,"Verify title normalization, recension, edition, and item-level rights."
purana-vishnu-purana,Purāṇa,Mahāpurāṇa and requested Upapurāṇa scope,Vishnu Purana,,,Traditional/anonymous unless an edition establishes otherwise,requested-scope,link-only-pending-rights,needs-commentary-mapping,https://github.com/INDOLOGY/GRETIL-mirror/search?q=Vishnu+Purana&type=code,"Verify title normalization, recension, edition, and item-level rights."
purana-shiva-purana,Purāṇa,Mahāpurāṇa and requested Upapurāṇa scope,Shiva Purana,,,Traditional/anonymous unless an edition establishes otherwise,requested-scope,link-only-pending-rights,needs-commentary-mapping,https://github.com/INDOLOGY/GRETIL-mirror/search?q=Shiva+Purana&type=code,"Verify title normalization, recension, edition, and item-level rights."
purana-bhagavata-purana,Purāṇa,Mahāpurāṇa and requested Upapurāṇa scope,Bhagavata Purana,,,Traditional/anonymous unless an edition establishes otherwise,requested-scope,link-only-pending-rights,needs-commentary-mapping,https://github.com/INDOLOGY/GRETIL-mirror/search?q=Bhagavata+Purana&type=code,"Verify title normalization, recension, edition, and item-level rights."
purana-naradiya-purana,Purāṇa,Mahāpurāṇa and requested Upapurāṇa scope,Naradiya Purana,,,Traditional/anonymous unless an edition establishes otherwise,requested-scope,link-only-pending-rights,needs-commentary-mapping,https://github.com/INDOLOGY/GRETIL-mirror/search?q=Naradiya+Purana&type=code,"Verify title normalization, recension, edition, and item-level rights."
purana-markandeya-purana,Purāṇa,Mahāpurāṇa and requested Upapurāṇa scope,Markandeya Purana,,,Traditional/anonymous unless an edition establishes otherwise,requested-scope,link-only-pending-rights,needs-commentary-mapping,https://github.com/INDOLOGY/GRETIL-mirror/search?q=Markandeya+Purana&type=code,"Verify title normalization, recension, edition, and item-level rights."
purana-agni-purana,Purāṇa,Mahāpurāṇa and requested Upapurāṇa scope,Agni Purana,,,Traditional/anonymous unless an edition establishes otherwise,requested-scope,link-only-pending-rights,needs-commentary-mapping,https://github.com/INDOLOGY/GRETIL-mirror/search?q=Agni+Purana&type=code,"Verify title normalization, recension, edition, and item-level rights."
purana-bhavishya-purana,Purāṇa,Mahāpurāṇa and requested Upapurāṇa scope,Bhavishya Purana,,,Traditional/anonymous unless an edition establishes otherwise,requested-scope,link-only-pending-rights,needs-commentary-mapping,https://github.com/INDOLOGY/GRETIL-mirror/search?q=Bhavishya+Purana&type=code,"Verify title normalization, recension, edition, and item-level rights."
purana-brahmavaivarta-purana,Purāṇa,Mahāpurāṇa and requested Upapurāṇa scope,Brahmavaivarta Purana,,,Traditional/anonymous unless an edition establishes otherwise,requested-scope,link-only-pending-rights,needs-commentary-mapping,https://github.com/INDOLOGY/GRETIL-mirror/search?q=Brahmavaivarta+Purana&type=code,"Verify title normalization, recension, edition, and item-level rights."
purana-linga-purana,Purāṇa,Mahāpurāṇa and requested Upapurāṇa scope,Linga Purana,,,Traditional/anonymous unless an edition establishes otherwise,requested-scope,link-only-pending-rights,needs-commentary-mapping,https://github.com/INDOLOGY/GRETIL-mirror/search?q=Linga+Purana&type=code,"Verify title normalization, recension, edition, and item-level rights."
purana-varaha-purana,Purāṇa,Mahāpurāṇa and requested Upapurāṇa scope,Varaha Purana,,,Traditional/anonymous unless an edition establishes otherwise,requested-scope,link-only-pending-rights,needs-commentary-mapping,https://github.com/INDOLOGY/GRETIL-mirror/search?q=Varaha+Purana&type=code,"Verify title normalization, recension, edition, and item-level rights."
purana-skanda-purana,Purāṇa,Mahāpurāṇa and requested Upapurāṇa scope,Skanda Purana,,,Traditional/anonymous unless an edition establishes otherwise,requested-scope,link-only-pending-rights,needs-commentary-mapping,https://github.com/INDOLOGY/GRETIL-mirror/search?q=Skanda+Purana&type=code,"Verify title normalization, recension, edition, and item-level rights."
purana-vamana-purana,Purāṇa,Mahāpurāṇa and requested Upapurāṇa scope,Vamana Purana,,,Traditional/anonymous unless an edition establishes otherwise,requested-scope,link-only-pending-rights,needs-commentary-mapping,https://github.com/INDOLOGY/GRETIL-mirror/search?q=Vamana+Purana&type=code,"Verify title normalization, recension, edition, and item-level rights."
purana-kurma-purana,Purāṇa,Mahāpurāṇa and requested Upapurāṇa scope,Kurma Purana,,,Traditional/anonymous unless an edition establishes otherwise,requested-scope,link-only-pending-rights,needs-commentary-mapping,https://github.com/INDOLOGY/GRETIL-mirror/search?q=Kurma+Purana&type=code,"Verify title normalization, recension, edition, and item-level rights."
purana-matsya-purana,Purāṇa,Mahāpurāṇa and requested Upapurāṇa scope,Matsya Purana,,,Traditional/anonymous unless an edition establishes otherwise,requested-scope,link-only-pending-rights,needs-commentary-mapping,https://github.com/INDOLOGY/GRETIL-mirror/search?q=Matsya+Purana&type=code,"Verify title normalization, recension, edition, and item-level rights."
purana-garuda-purana,Purāṇa,Mahāpurāṇa and requested Upapurāṇa scope,Garuda Purana,,,Traditional/anonymous unless an edition establishes otherwise,requested-scope,link-only-pending-rights,needs-commentary-mapping,https://github.com/INDOLOGY/GRETIL-mirror/search?q=Garuda+Purana&type=code,"Verify title normalization, recension, edition, and item-level rights."
purana-brahmanda-purana,Purāṇa,Mahāpurāṇa and requested Upapurāṇa scope,Brahmanda Purana,,,Traditional/anonymous unless an edition establishes otherwise,requested-scope,link-only-pending-rights,needs-commentary-mapping,https://github.com/INDOLOGY/GRETIL-mirror/search?q=Brahmanda+Purana&type=code,"Verify title normalization, recension, edition, and item-level rights."
purana-ganesha-purana,Purāṇa,Mahāpurāṇa and requested Upapurāṇa scope,Ganesha Purana,,,Traditional/anonymous unless an edition establishes otherwise,requested-scope,link-only-pending-rights,needs-commentary-mapping,https://github.com/INDOLOGY/GRETIL-mirror/search?q=Ganesha+Purana&type=code,"Verify title normalization, recension, edition, and item-level rights."
purana-mudgala-purana,Purāṇa,Mahāpurāṇa and requested Upapurāṇa scope,Mudgala Purana,,,Traditional/anonymous unless an edition establishes otherwise,requested-scope,link-only-pending-rights,needs-commentary-mapping,https://github.com/INDOLOGY/GRETIL-mirror/search?q=Mudgala+Purana&type=code,"Verify title normalization, recension, edition, and item-level rights."
purana-devi-bhagavata-purana,Purāṇa,Mahāpurāṇa and requested Upapurāṇa scope,Devi-Bhagavata Purana,,,Traditional/anonymous unless an edition establishes otherwise,requested-scope,link-only-pending-rights,needs-commentary-mapping,https://github.com/INDOLOGY/GRETIL-mirror/search?q=Devi-Bhagavata+Purana&type=code,"Verify title normalization, recension, edition, and item-level rights."
purana-kalika-purana,Purāṇa,Mahāpurāṇa and requested Upapurāṇa scope,Kalika Purana,,,Traditional/anonymous unless an edition establishes otherwise,requested-scope,link-only-pending-rights,needs-commentary-mapping,https://github.com/INDOLOGY/GRETIL-mirror/search?q=Kalika+Purana&type=code,"Verify title normalization, recension, edition, and item-level rights."
purana-kapila-purana,Purāṇa,Mahāpurāṇa and requested Upapurāṇa scope,Kapila Purana,,,Traditional/anonymous unless an edition establishes otherwise,requested-scope,link-only-pending-rights,needs-commentary-mapping,https://github.com/INDOLOGY/GRETIL-mirror/search?q=Kapila+Purana&type=code,"Verify title normalization, recension, edition, and item-level rights."
purana-sanatkumara-purana,Purāṇa,Mahāpurāṇa and requested Upapurāṇa scope,Sanatkumara Purana,,,Traditional/anonymous unless an edition establishes otherwise,requested-scope,link-only-pending-rights,needs-commentary-mapping,https://github.com/INDOLOGY/GRETIL-mirror/search?q=Sanatkumara+Purana&type=code,"Verify title normalization, recension, edition, and item-level rights."
purana-samba-purana,Purāṇa,Mahāpurāṇa and requested Upapurāṇa scope,Samba Purana,,,Traditional/anonymous unless an edition establishes otherwise,requested-scope,link-only-pending-rights,needs-commentary-mapping,https://github.com/INDOLOGY/GRETIL-mirror/search?q=Samba+Purana&type=code,"Verify title normalization, recension, edition, and item-level rights."
purana-bhargava-purana,Purāṇa,Mahāpurāṇa and requested Upapurāṇa scope,Bhargava Purana,,,Traditional/anonymous unless an edition establishes otherwise,requested-scope,link-only-pending-rights,needs-commentary-mapping,https://github.com/INDOLOGY/GRETIL-mirror/search?q=Bhargava+Purana&type=code,"Verify title normalization, recension, edition, and item-level rights."
dharmasastra-gautama-dharmasutra,Dharmaśāstra,Dharmasūtra,Gautama Dharmasutra,,,Traditional/anonymous unless an edition establishes otherwise,requested-scope,link-only-pending-rights,needs-commentary-mapping,https://github.com/sarit/SARIT-corpus/search?q=Gautama+Dharmasutra&type=code,"Verify title normalization, recension, edition, and item-level rights."
dharmasastra-baodhayana-dharmasutra,Dharmaśāstra,Dharmasūtra,Baodhayana Dharmasutra,,,Traditional/anonymous unless an edition establishes otherwise,requested-scope,link-only-pending-rights,needs-commentary-mapping,https://github.com/sarit/SARIT-corpus/search?q=Baodhayana+Dharmasutra&type=code,"Verify title normalization, recension, edition, and item-level rights."
dharmasastra-apastamba-dharmasutra,Dharmaśāstra,Dharmasūtra,Apastamba Dharmasutra,,,Traditional/anonymous unless an edition establishes otherwise,requested-scope,link-only-pending-rights,needs-commentary-mapping,https://github.com/sarit/SARIT-corpus/search?q=Apastamba+Dharmasutra&type=code,"Verify title normalization, recension, edition, and item-level rights."
dharmasastra-vasistha-dharmasutra,Dharmaśāstra,Dharmasūtra,Vasistha Dharmasutra,,,Traditional/anonymous unless an edition establishes otherwise,requested-scope,link-only-pending-rights,needs-commentary-mapping,https://github.com/sarit/SARIT-corpus/search?q=Vasistha+Dharmasutra&type=code,"Verify title normalization, recension, edition, and item-level rights."
dharmasastra-manu-smriti,Dharmaśāstra,Smṛti,Manu Smriti,,,Traditional/anonymous unless an edition establishes otherwise,requested-scope,link-only-pending-rights,needs-commentary-mapping,https://github.com/sarit/SARIT-corpus/search?q=Manu+Smriti&type=code,"Verify title normalization, recension, edition, and item-level rights."
dharmasastra-yajnavalkya-smriti,Dharmaśāstra,Smṛti,Yajnavalkya Smriti,,,Traditional/anonymous unless an edition establishes otherwise,requested-scope,link-only-pending-rights,needs-commentary-mapping,https://github.com/sarit/SARIT-corpus/search?q=Yajnavalkya+Smriti&type=code,"Verify title normalization, recension, edition, and item-level rights."
dharmasastra-parashara-smriti,Dharmaśāstra,Smṛti,Parashara Smriti,,,Traditional/anonymous unless an edition establishes otherwise,requested-scope,link-only-pending-rights,needs-commentary-mapping,https://github.com/sarit/SARIT-corpus/search?q=Parashara+Smriti&type=code,"Verify title normalization, recension, edition, and item-level rights."
dharmasastra-narada-smriti,Dharmaśāstra,Smṛti,Narada Smriti,,,Traditional/anonymous unless an edition establishes otherwise,requested-scope,link-only-pending-rights,needs-commentary-mapping,https://github.com/sarit/SARIT-corpus/search?q=Narada+Smriti&type=code,"Verify title normalization, recension, edition, and item-level rights."
dharmasastra-vishnu-smriti,Dharmaśāstra,Smṛti,Vishnu Smriti,,,Traditional/anonymous unless an edition establishes otherwise,requested-scope,link-only-pending-rights,needs-commentary-mapping,https://github.com/sarit/SARIT-corpus/search?q=Vishnu+Smriti&type=code,"Verify title normalization, recension, edition, and item-level rights."
dharmasastra-atri-smriti,Dharmaśāstra,Smṛti,Atri Smriti,,,Traditional/anonymous unless an edition establishes otherwise,requested-scope,link-only-pending-rights,needs-commentary-mapping,https://github.com/sarit/SARIT-corpus/search?q=Atri+Smriti&type=code,"Verify title normalization, recension, edition, and item-level rights."
dharmasastra-harita-smriti,Dharmaśāstra,Smṛti,Harita Smriti,,,Traditional/anonymous unless an edition establishes otherwise,requested-scope,link-only-pending-rights,needs-commentary-mapping,https://github.com/sarit/SARIT-corpus/search?q=Harita+Smriti&type=code,"Verify title normalization, recension, edition, and item-level rights."
dharmasastra-usanas-smriti,Dharmaśāstra,Smṛti,Usanas Smriti,,,Traditional/anonymous unless an edition establishes otherwise,requested-scope,link-only-pending-rights,needs-commentary-mapping,https://github.com/sarit/SARIT-corpus/search?q=Usanas+Smriti&type=code,"Verify title normalization, recension, edition, and item-level rights."
dharmasastra-angiras-smriti,Dharmaśāstra,Smṛti,Angiras Smriti,,,Traditional/anonymous unless an edition establishes otherwise,requested-scope,link-only-pending-rights,needs-commentary-mapping,https://github.com/sarit/SARIT-corpus/search?q=Angiras+Smriti&type=code,"Verify title normalization, recension, edition, and item-level rights."
dharmasastra-yama-smriti,Dharmaśāstra,Smṛti,Yama Smriti,,,Traditional/anonymous unless an edition establishes otherwise,requested-scope,link-only-pending-rights,needs-commentary-mapping,https://github.com/sarit/SARIT-corpus/search?q=Yama+Smriti&type=code,"Verify title normalization, recension, edition, and item-level rights."
dharmasastra-apastamba-smriti,Dharmaśāstra,Smṛti,Apastamba Smriti,,,Traditional/anonymous unless an edition establishes otherwise,requested-scope,link-only-pending-rights,needs-commentary-mapping,https://github.com/sarit/SARIT-corpus/search?q=Apastamba+Smriti&type=code,"Verify title normalization, recension, edition, and item-level rights."
dharmasastra-samvarta-smriti,Dharmaśāstra,Smṛti,Samvarta Smriti,,,Traditional/anonymous unless an edition establishes otherwise,requested-scope,link-only-pending-rights,needs-commentary-mapping,https://github.com/sarit/SARIT-corpus/search?q=Samvarta+Smriti&type=code,"Verify title normalization, recension, edition, and item-level rights."
dharmasastra-katyayana-smriti,Dharmaśāstra,Smṛti,Katyayana Smriti,,,Traditional/anonymous unless an edition establishes otherwise,requested-scope,link-only-pending-rights,needs-commentary-mapping,https://github.com/sarit/SARIT-corpus/search?q=Katyayana+Smriti&type=code,"Verify title normalization, recension, edition, and item-level rights."
dharmasastra-brihaspati-smriti,Dharmaśāstra,Smṛti,Brihaspati Smriti,,,Traditional/anonymous unless an edition establishes otherwise,requested-scope,link-only-pending-rights,needs-commentary-mapping,https://github.com/sarit/SARIT-corpus/search?q=Brihaspati+Smriti&type=code,"Verify title normalization, recension, edition, and item-level rights."
dharmasastra-shankha-smriti,Dharmaśāstra,Smṛti,Shankha Smriti,,,Traditional/anonymous unless an edition establishes otherwise,requested-scope,link-only-pending-rights,needs-commentary-mapping,https://github.com/sarit/SARIT-corpus/search?q=Shankha+Smriti&type=code,"Verify title normalization, recension, edition, and item-level rights."
dharmasastra-likhita-smriti,Dharmaśāstra,Smṛti,Likhita Smriti,,,Traditional/anonymous unless an edition establishes otherwise,requested-scope,link-only-pending-rights,needs-commentary-mapping,https://github.com/sarit/SARIT-corpus/search?q=Likhita+Smriti&type=code,"Verify title normalization, recension, edition, and item-level rights."
dharmasastra-daksha-smriti,Dharmaśāstra,Smṛti,Daksha Smriti,,,Traditional/anonymous unless an edition establishes otherwise,requested-scope,link-only-pending-rights,needs-commentary-mapping,https://github.com/sarit/SARIT-corpus/search?q=Daksha+Smriti&type=code,"Verify title normalization, recension, edition, and item-level rights."
dharmasastra-shatatapa-smriti,Dharmaśāstra,Smṛti,Shatatapa Smriti,,,Traditional/anonymous unless an edition establishes otherwise,requested-scope,link-only-pending-rights,needs-commentary-mapping,https://github.com/sarit/SARIT-corpus/search?q=Shatatapa+Smriti&type=code,"Verify title normalization, recension, edition, and item-level rights."
dharmasastra-vriddha-gautama-smriti,Dharmaśāstra,Smṛti,Vriddha-Gautama Smriti,,,Traditional/anonymous unless an edition establishes otherwise,requested-scope,link-only-pending-rights,needs-commentary-mapping,https://github.com/sarit/SARIT-corpus/search?q=Vriddha-Gautama+Smriti&type=code,"Verify title normalization, recension, edition, and item-level rights."
dharmasastra-vyasa-smriti,Dharmaśāstra,Smṛti,Vyasa Smriti,,,Traditional/anonymous unless an edition establishes otherwise,requested-scope,link-only-pending-rights,needs-commentary-mapping,https://github.com/sarit/SARIT-corpus/search?q=Vyasa+Smriti&type=code,"Verify title normalization, recension, edition, and item-level rights."
dharmasastra-jabali-smriti,Dharmaśāstra,Smṛti,Jabali Smriti,,,Traditional/anonymous unless an edition establishes otherwise,requested-scope,link-only-pending-rights,needs-commentary-mapping,https://github.com/sarit/SARIT-corpus/search?q=Jabali+Smriti&type=code,"Verify title normalization, recension, edition, and item-level rights."
dharmasastra-nachiketa-smriti,Dharmaśāstra,Smṛti,Nachiketa Smriti,,,Traditional/anonymous unless an edition establishes otherwise,requested-scope,link-only-pending-rights,needs-commentary-mapping,https://github.com/sarit/SARIT-corpus/search?q=Nachiketa+Smriti&type=code,"Verify title normalization, recension, edition, and item-level rights."
dharmasastra-chhandas-smriti,Dharmaśāstra,Smṛti,Chhandas Smriti,,,Traditional/anonymous unless an edition establishes otherwise,requested-scope,link-only-pending-rights,needs-commentary-mapping,https://github.com/sarit/SARIT-corpus/search?q=Chhandas+Smriti&type=code,"Verify title normalization, recension, edition, and item-level rights."
dharmasastra-laugakshi-smriti,Dharmaśāstra,Smṛti,Laugakshi Smriti,,,Traditional/anonymous unless an edition establishes otherwise,requested-scope,link-only-pending-rights,needs-commentary-mapping,https://github.com/sarit/SARIT-corpus/search?q=Laugakshi+Smriti&type=code,"Verify title normalization, recension, edition, and item-level rights."
dharmasastra-kashyapa-smriti,Dharmaśāstra,Smṛti,Kashyapa Smriti,,,Traditional/anonymous unless an edition establishes otherwise,requested-scope,link-only-pending-rights,needs-commentary-mapping,https://github.com/sarit/SARIT-corpus/search?q=Kashyapa+Smriti&type=code,"Verify title normalization, recension, edition, and item-level rights."
dharmasastra-sanatkumara-smriti,Dharmaśāstra,Smṛti,Sanatkumara Smriti,,,Traditional/anonymous unless an edition establishes otherwise,requested-scope,link-only-pending-rights,needs-commentary-mapping,https://github.com/sarit/SARIT-corpus/search?q=Sanatkumara+Smriti&type=code,"Verify title normalization, recension, edition, and item-level rights."
dharmasastra-shatadru-smriti,Dharmaśāstra,Smṛti,Shatadru Smriti,,,Traditional/anonymous unless an edition establishes otherwise,requested-scope,link-only-pending-rights,needs-commentary-mapping,https://github.com/sarit/SARIT-corpus/search?q=Shatadru+Smriti&type=code,"Verify title normalization, recension, edition, and item-level rights."
dharmasastra-janaka-smriti,Dharmaśāstra,Smṛti,Janaka Smriti,,,Traditional/anonymous unless an edition establishes otherwise,requested-scope,link-only-pending-rights,needs-commentary-mapping,https://github.com/sarit/SARIT-corpus/search?q=Janaka+Smriti&type=code,"Verify title normalization, recension, edition, and item-level rights."
dharmasastra-vyaghra-smriti,Dharmaśāstra,Smṛti,Vyaghra Smriti,,,Traditional/anonymous unless an edition establishes otherwise,requested-scope,link-only-pending-rights,needs-commentary-mapping,https://github.com/sarit/SARIT-corpus/search?q=Vyaghra+Smriti&type=code,"Verify title normalization, recension, edition, and item-level rights."
dharmasastra-jatukarnya-smriti,Dharmaśāstra,Smṛti,Jatukarnya Smriti,,,Traditional/anonymous unless an edition establishes otherwise,requested-scope,link-only-pending-rights,needs-commentary-mapping,https://github.com/sarit/SARIT-corpus/search?q=Jatukarnya+Smriti&type=code,"Verify title normalization, recension, edition, and item-level rights."
dharmasastra-kapinjala-smriti,Dharmaśāstra,Smṛti,Kapinjala Smriti,,,Traditional/anonymous unless an edition establishes otherwise,requested-scope,link-only-pending-rights,needs-commentary-mapping,https://github.com/sarit/SARIT-corpus/search?q=Kapinjala+Smriti&type=code,"Verify title normalization, recension, edition, and item-level rights."
dharmasastra-vishvamitra-smriti,Dharmaśāstra,Smṛti,Vishvamitra Smriti,,,Traditional/anonymous unless an edition establishes otherwise,requested-scope,link-only-pending-rights,needs-commentary-mapping,https://github.com/sarit/SARIT-corpus/search?q=Vishvamitra+Smriti&type=code,"Verify title normalization, recension, edition, and item-level rights."
vedanga-paniniya-shiksha,Vedāṅga,Auxiliary Vedic disciplines,Paniniya Shiksha,,,Traditional/anonymous unless an edition establishes otherwise,requested-scope,link-only-pending-rights,needs-commentary-mapping,https://github.com/INDOLOGY/GRETIL-mirror/search?q=Paniniya+Shiksha&type=code,"Verify title normalization, recension, edition, and item-level rights."
vedanga-pingala-chandasutras,Vedāṅga,Auxiliary Vedic disciplines,Pingala Chandasutras,,,Traditional/anonymous unless an edition establishes otherwise,requested-scope,link-only-pending-rights,needs-commentary-mapping,https://github.com/INDOLOGY/GRETIL-mirror/search?q=Pingala+Chandasutras&type=code,"Verify title normalization, recension, edition, and item-level rights."
vedanga-ashtadhyayi,Vedāṅga,Auxiliary Vedic disciplines,Ashtadhyayi,,,Traditional/anonymous unless an edition establishes otherwise,requested-scope,link-only-pending-rights,needs-commentary-mapping,https://github.com/INDOLOGY/GRETIL-mirror/search?q=Ashtadhyayi&type=code,"Verify title normalization, recension, edition, and item-level rights."
vedanga-yaska-nirukta,Vedāṅga,Auxiliary Vedic disciplines,Yaska Nirukta,,,Traditional/anonymous unless an edition establishes otherwise,requested-scope,link-only-pending-rights,needs-commentary-mapping,https://github.com/INDOLOGY/GRETIL-mirror/search?q=Yaska+Nirukta&type=code,"Verify title normalization, recension, edition, and item-level rights."
vedanga-vedanga-jyotisha,Vedāṅga,Auxiliary Vedic disciplines,Vedanga Jyotisha,,,Traditional/anonymous unless an edition establishes otherwise,requested-scope,link-only-pending-rights,needs-commentary-mapping,https://github.com/INDOLOGY/GRETIL-mirror/search?q=Vedanga+Jyotisha&type=code,"Verify title normalization, recension, edition, and item-level rights."
vedanga-shrautasutras,Vedāṅga,Auxiliary Vedic disciplines,Shrautasutras,,,Traditional/anonymous unless an edition establishes otherwise,requested-scope,link-only-pending-rights,needs-commentary-mapping,https://github.com/INDOLOGY/GRETIL-mirror/search?q=Shrautasutras&type=code,Corpus-level entry; create recension- and school-specific child records.
vedanga-grihyasutras,Vedāṅga,Auxiliary Vedic disciplines,Grihyasutras,,,Traditional/anonymous unless an edition establishes otherwise,requested-scope,link-only-pending-rights,needs-commentary-mapping,https://github.com/INDOLOGY/GRETIL-mirror/search?q=Grihyasutras&type=code,Corpus-level entry; create recension- and school-specific child records.
vedanga-sulbasutras,Vedāṅga,Auxiliary Vedic disciplines,Sulbasutras,,,Traditional/anonymous unless an edition establishes otherwise,requested-scope,link-only-pending-rights,needs-commentary-mapping,https://github.com/INDOLOGY/GRETIL-mirror/search?q=Sulbasutras&type=code,Corpus-level entry; create author/school-specific child records.
upaveda-sastra-charaka-samhita,Upaveda / Śāstra,"Medicine, polity, arts, and architecture",Charaka Samhita,,,Traditional/anonymous unless an edition establishes otherwise,requested-scope,link-only-pending-rights,needs-commentary-mapping,https://github.com/sarit/SARIT-corpus/search?q=Charaka+Samhita&type=code,"Verify title normalization, recension, edition, and item-level rights."
upaveda-sastra-sushruta-samhita,Upaveda / Śāstra,"Medicine, polity, arts, and architecture",Sushruta Samhita,,,Traditional/anonymous unless an edition establishes otherwise,requested-scope,link-only-pending-rights,needs-commentary-mapping,https://github.com/sarit/SARIT-corpus/search?q=Sushruta+Samhita&type=code,"Verify title normalization, recension, edition, and item-level rights."
upaveda-sastra-dhanurveda-sutra,Upaveda / Śāstra,"Medicine, polity, arts, and architecture",Dhanurveda Sutra,,,Traditional/anonymous unless an edition establishes otherwise,requested-scope,link-only-pending-rights,needs-commentary-mapping,https://github.com/sarit/SARIT-corpus/search?q=Dhanurveda+Sutra&type=code,Traditional field label may not identify one universally recognized single text; catalogue exact witnesses separately.
upaveda-sastra-gandharvaveda-sutra,Upaveda / Śāstra,"Medicine, polity, arts, and architecture",Gandharvaveda Sutra,,,Traditional/anonymous unless an edition establishes otherwise,requested-scope,link-only-pending-rights,needs-commentary-mapping,https://github.com/sarit/SARIT-corpus/search?q=Gandharvaveda+Sutra&type=code,Traditional field label may not identify one universally recognized single text; catalogue exact witnesses separately.
upaveda-sastra-chanakya-arthashastra,Upaveda / Śāstra,"Medicine, polity, arts, and architecture",Chanakya Arthashastra,,,Traditional/anonymous unless an edition establishes otherwise,requested-scope,link-only-pending-rights,needs-commentary-mapping,https://github.com/sarit/SARIT-corpus/search?q=Chanakya+Arthashastra&type=code,"Verify title normalization, recension, edition, and item-level rights."
upaveda-sastra-manasara-shilpa-shastra,Upaveda / Śāstra,"Medicine, polity, arts, and architecture",Manasara Shilpa Shastra,,,Traditional/anonymous unless an edition establishes otherwise,requested-scope,link-only-pending-rights,needs-commentary-mapping,https://github.com/sarit/SARIT-corpus/search?q=Manasara+Shilpa+Shastra&type=code,"Verify title normalization, recension, edition, and item-level rights."
darsana-nyaya-sutras,Darśana,Foundational sūtras,Nyaya Sutras,,,Traditional/anonymous unless an edition establishes otherwise,requested-scope,link-only-pending-rights,needs-commentary-mapping,https://github.com/sarit/SARIT-corpus/search?q=Nyaya+Sutras&type=code,"Verify title normalization, recension, edition, and item-level rights."
darsana-vaisheshika-sutras,Darśana,Foundational sūtras,Vaisheshika Sutras,,,Traditional/anonymous unless an edition establishes otherwise,requested-scope,link-only-pending-rights,needs-commentary-mapping,https://github.com/sarit/SARIT-corpus/search?q=Vaisheshika+Sutras&type=code,"Verify title normalization, recension, edition, and item-level rights."
darsana-samkhya-sutras,Darśana,Foundational sūtras,Samkhya Sutras,,,Traditional/anonymous unless an edition establishes otherwise,requested-scope,link-only-pending-rights,needs-commentary-mapping,https://github.com/sarit/SARIT-corpus/search?q=Samkhya+Sutras&type=code,Traditional attribution to Kapila is historically contested; extant Sāṃkhyapravacana Sūtra is later than classical Sāṃkhya Kārikā.
darsana-yoga-sutras,Darśana,Foundational sūtras,Yoga Sutras,,,Traditional/anonymous unless an edition establishes otherwise,requested-scope,link-only-pending-rights,needs-commentary-mapping,https://github.com/sarit/SARIT-corpus/search?q=Yoga+Sutras&type=code,"Verify title normalization, recension, edition, and item-level rights."
darsana-mimamsa-sutras,Darśana,Foundational sūtras,Mimamsa Sutras,,,Traditional/anonymous unless an edition establishes otherwise,requested-scope,link-only-pending-rights,needs-commentary-mapping,https://github.com/sarit/SARIT-corpus/search?q=Mimamsa+Sutras&type=code,"Verify title normalization, recension, edition, and item-level rights."
darsana-brahma-sutras,Darśana,Foundational sūtras,Brahma Sutras,,,Traditional/anonymous unless an edition establishes otherwise,requested-scope,link-only-pending-rights,needs-commentary-mapping,https://github.com/sarit/SARIT-corpus/search?q=Brahma+Sutras&type=code,"Verify title normalization, recension, edition, and item-level rights."
agama-tantra-ahirbudhnya-samhita,Āgama / Tantra,Vaiṣṇava Saṃhitā,Ahirbudhnya Samhita,,,Traditional/anonymous unless an edition establishes otherwise,requested-scope,link-only-pending-rights,needs-commentary-mapping,https://github.com/INDOLOGY/GRETIL-mirror/search?q=Ahirbudhnya+Samhita&type=code,"Verify title normalization, recension, edition, and item-level rights."
agama-tantra-jayakhya-samhita,Āgama / Tantra,Vaiṣṇava Saṃhitā,Jayakhya Samhita,,,Traditional/anonymous unless an edition establishes otherwise,requested-scope,link-only-pending-rights,needs-commentary-mapping,https://github.com/INDOLOGY/GRETIL-mirror/search?q=Jayakhya+Samhita&type=code,"Verify title normalization, recension, edition, and item-level rights."
agama-tantra-satvata-samhita,Āgama / Tantra,Vaiṣṇava Saṃhitā,Satvata Samhita,,,Traditional/anonymous unless an edition establishes otherwise,requested-scope,link-only-pending-rights,needs-commentary-mapping,https://github.com/INDOLOGY/GRETIL-mirror/search?q=Satvata+Samhita&type=code,"Verify title normalization, recension, edition, and item-level rights."
agama-tantra-ananda-samhita,Āgama / Tantra,Vaiṣṇava Saṃhitā,Ananda Samhita,,,Traditional/anonymous unless an edition establishes otherwise,requested-scope,link-only-pending-rights,needs-commentary-mapping,https://github.com/INDOLOGY/GRETIL-mirror/search?q=Ananda+Samhita&type=code,"Verify title normalization, recension, edition, and item-level rights."
agama-tantra-marici-samhita,Āgama / Tantra,Vaiṣṇava Saṃhitā,Marici Samhita,,,Traditional/anonymous unless an edition establishes otherwise,requested-scope,link-only-pending-rights,needs-commentary-mapping,https://github.com/INDOLOGY/GRETIL-mirror/search?q=Marici+Samhita&type=code,"Verify title normalization, recension, edition, and item-level rights."
agama-tantra-kamika-agama,Āgama / Tantra,Śaiva Āgama and Trika Tantra,Kamika Agama,,,Traditional/anonymous unless an edition establishes otherwise,requested-scope,link-only-pending-rights,needs-commentary-mapping,https://github.com/INDOLOGY/GRETIL-mirror/search?q=Kamika+Agama&type=code,"Verify title normalization, recension, edition, and item-level rights."
agama-tantra-karana-agama,Āgama / Tantra,Śaiva Āgama and Trika Tantra,Karana Agama,,,Traditional/anonymous unless an edition establishes otherwise,requested-scope,link-only-pending-rights,needs-commentary-mapping,https://github.com/INDOLOGY/GRETIL-mirror/search?q=Karana+Agama&type=code,"Verify title normalization, recension, edition, and item-level rights."
agama-tantra-suprabheda-agama,Āgama / Tantra,Śaiva Āgama and Trika Tantra,Suprabheda Agama,,,Traditional/anonymous unless an edition establishes otherwise,requested-scope,link-only-pending-rights,needs-commentary-mapping,https://github.com/INDOLOGY/GRETIL-mirror/search?q=Suprabheda+Agama&type=code,"Verify title normalization, recension, edition, and item-level rights."
agama-tantra-malinivijayottara-tantra,Āgama / Tantra,Śaiva Āgama and Trika Tantra,Malinivijayottara Tantra,,,Traditional/anonymous unless an edition establishes otherwise,requested-scope,link-only-pending-rights,needs-commentary-mapping,https://github.com/INDOLOGY/GRETIL-mirror/search?q=Malinivijayottara+Tantra&type=code,"Verify title normalization, recension, edition, and item-level rights."
agama-tantra-svacchanda-tantra,Āgama / Tantra,Śaiva Āgama and Trika Tantra,Svacchanda Tantra,,,Traditional/anonymous unless an edition establishes otherwise,requested-scope,link-only-pending-rights,needs-commentary-mapping,https://github.com/INDOLOGY/GRETIL-mirror/search?q=Svacchanda+Tantra&type=code,"Verify title normalization, recension, edition, and item-level rights."
agama-tantra-vijnanabhairava-tantra,Āgama / Tantra,Śaiva Āgama and Trika Tantra,Vijnanabhairava Tantra,,,Traditional/anonymous unless an edition establishes otherwise,requested-scope,link-only-pending-rights,needs-commentary-mapping,https://github.com/INDOLOGY/GRETIL-mirror/search?q=Vijnanabhairava+Tantra&type=code,"Verify title normalization, recension, edition, and item-level rights."
agama-tantra-kularnava-tantra,Āgama / Tantra,Śākta / Kaula Tantra,Kularnava Tantra,,,Traditional/anonymous unless an edition establishes otherwise,requested-scope,link-only-pending-rights,needs-commentary-mapping,https://github.com/INDOLOGY/GRETIL-mirror/search?q=Kularnava+Tantra&type=code,"Verify title normalization, recension, edition, and item-level rights."
agama-tantra-mahanirvana-tantra,Āgama / Tantra,Śākta / Kaula Tantra,Mahanirvana Tantra,,,Traditional/anonymous unless an edition establishes otherwise,requested-scope,link-only-pending-rights,needs-commentary-mapping,https://github.com/INDOLOGY/GRETIL-mirror/search?q=Mahanirvana+Tantra&type=code,"Verify title normalization, recension, edition, and item-level rights."
agama-tantra-yoni-tantra,Āgama / Tantra,Śākta / Kaula Tantra,Yoni Tantra,,,Traditional/anonymous unless an edition establishes otherwise,requested-scope,link-only-pending-rights,needs-commentary-mapping,https://github.com/INDOLOGY/GRETIL-mirror/search?q=Yoni+Tantra&type=code,"Verify title normalization, recension, edition, and item-level rights."
agama-tantra-rudrayamala-tantra,Āgama / Tantra,Śākta / Kaula Tantra,Rudrayamala Tantra,,,Traditional/anonymous unless an edition establishes otherwise,requested-scope,link-only-pending-rights,needs-commentary-mapping,https://github.com/INDOLOGY/GRETIL-mirror/search?q=Rudrayamala+Tantra&type=code,"Verify title normalization, recension, edition, and item-level rights."
